deliverable_index,hub_index,hub_name,hub_slug,deliverable_type,title,slug,target_keyword,supporting_topic,cluster_keywords,serp_intent,primary_content_type,brief_file,competitor_research_file,outline_file,source_urls,draft_status,web_review_status,seo_title,meta_description,article_markdown,faq,notes
1,1,Hip arthroplasty and approaches,hip-arthroplasty-and-approaches,hub_page,Hip arthroplasty and approaches,hip-arthroplasty-and-approaches,anterior hip replacement,,"anterior hip replacement (4400), anterior hip replacement surgery (2900), hemiarthroplasty hip (1900), anterior approach hip replacement (1300), bipolar hemiarthroplasty (480)",Commercial + informational,Service/procedure hub,research\hub_briefs\001-hip-arthroplasty-and-approaches.md,research\hub_competitor_sheets\001-hip-arthroplasty-and-approaches.md,research\hub_outlines\001-hip-arthroplasty-and-approaches.md,"https://www.hss.edu/health-library/conditions-and-treatments/anterior-hip-replacement
https://www.yalemedicine.org/conditions/total-hip-replacement-anterior-approach
https://www.nhs.uk/tests-and-treatments/hip-replacement/how-a-hip-replacement-is-done/",not_started,not_started,,,,,
2,1,Hip arthroplasty and approaches,hip-arthroplasty-and-approaches,supporting_article,Hip arthroplasty and approaches: Approach comparison,hip-arthroplasty-and-approaches-approach-comparison,approach comparison,Approach comparison,"anterior hip replacement (4400), anterior hip replacement surgery (2900), hemiarthroplasty hip (1900), anterior approach hip replacement (1300), bipolar hemiarthroplasty (480)",Commercial + informational,supporting article,research\hub_briefs\001-hip-arthroplasty-and-approaches.md,research\hub_competitor_sheets\001-hip-arthroplasty-and-approaches.md,research\hub_outlines\001-hip-arthroplasty-and-approaches.md,"https://www.hss.edu/health-library/conditions-and-treatments/anterior-hip-replacement
https://www.yalemedicine.org/conditions/total-hip-replacement-anterior-approach
https://www.nhs.uk/tests-and-treatments/hip-replacement/how-a-hip-replacement-is-done/",not_started,not_started,,,,,
3,1,Hip arthroplasty and approaches,hip-arthroplasty-and-approaches,supporting_article,Hip arthroplasty and approaches: candidacy,hip-arthroplasty-and-approaches-candidacy,candidacy,candidacy,"anterior hip replacement (4400), anterior hip replacement surgery (2900), hemiarthroplasty hip (1900), anterior approach hip replacement (1300), bipolar hemiarthroplasty (480)",Commercial + informational,supporting article,research\hub_briefs\001-hip-arthroplasty-and-approaches.md,research\hub_competitor_sheets\001-hip-arthroplasty-and-approaches.md,research\hub_outlines\001-hip-arthroplasty-and-approaches.md,"https://www.hss.edu/health-library/conditions-and-treatments/anterior-hip-replacement
https://www.yalemedicine.org/conditions/total-hip-replacement-anterior-approach
https://www.nhs.uk/tests-and-treatments/hip-replacement/how-a-hip-replacement-is-done/",not_started,not_started,,,,,
4,1,Hip arthroplasty and approaches,hip-arthroplasty-and-approaches,supporting_article,Hip arthroplasty and approaches: recovery timeline,hip-arthroplasty-and-approaches-recovery-timeline,recovery timeline,recovery timeline,"anterior hip replacement (4400), anterior hip replacement surgery (2900), hemiarthroplasty hip (1900), anterior approach hip replacement (1300), bipolar hemiarthroplasty (480)",Commercial + informational,supporting article,research\hub_briefs\001-hip-arthroplasty-and-approaches.md,research\hub_competitor_sheets\001-hip-arthroplasty-and-approaches.md,research\hub_outlines\001-hip-arthroplasty-and-approaches.md,"https://www.hss.edu/health-library/conditions-and-treatments/anterior-hip-replacement
https://www.yalemedicine.org/conditions/total-hip-replacement-anterior-approach
https://www.nhs.uk/tests-and-treatments/hip-replacement/how-a-hip-replacement-is-done/",not_started,not_started,,,,,
5,1,Hip arthroplasty and approaches,hip-arthroplasty-and-approaches,supporting_article,Hip arthroplasty and approaches: risks,hip-arthroplasty-and-approaches-risks,risks,risks,"anterior hip replacement (4400), anterior hip replacement surgery (2900), hemiarthroplasty hip (1900), anterior approach hip replacement (1300), bipolar hemiarthroplasty (480)",Commercial + informational,supporting article,research\hub_briefs\001-hip-arthroplasty-and-approaches.md,research\hub_competitor_sheets\001-hip-arthroplasty-and-approaches.md,research\hub_outlines\001-hip-arthroplasty-and-approaches.md,"https://www.hss.edu/health-library/conditions-and-treatments/anterior-hip-replacement
https://www.yalemedicine.org/conditions/total-hip-replacement-anterior-approach
https://www.nhs.uk/tests-and-treatments/hip-replacement/how-a-hip-replacement-is-done/",not_started,not_started,,,,,
6,2,Robotic joint replacement,robotic-joint-replacement,hub_page,Robotic joint replacement,robotic-joint-replacement,robotic knee replacement,,"robotic knee replacement (3600), robotic knee replacement surgery (2400), robotic knee surgery (1900), robotic assisted knee replacement surgery (1000), robotic total knee replacement (390)",Commercial + informational,Service/procedure hub,research\hub_briefs\002-robotic-joint-replacement.md,research\hub_competitor_sheets\002-robotic-joint-replacement.md,research\hub_outlines\002-robotic-joint-replacement.md,"https://patients.stryker.co.uk/knee-replacement/procedures/mako-robotic-arm-assisted-total-knee
https://www.spirehealthcare.com/spire-bushey-hospital/treatments/robotic-knee-replacement/
https://www.circlehealthgroup.co.uk/treatments/velys-robotic-assisted-knee-surgery",not_started,not_started,,,,,
7,2,Robotic joint replacement,robotic-joint-replacement,supporting_article,Robotic joint replacement: Robotic vs traditional,robotic-joint-replacement-robotic-vs-traditional,robotic vs traditional,Robotic vs traditional,"robotic knee replacement (3600), robotic knee replacement surgery (2400), robotic knee surgery (1900), robotic assisted knee replacement surgery (1000), robotic total knee replacement (390)",Commercial + informational,supporting article,research\hub_briefs\002-robotic-joint-replacement.md,research\hub_competitor_sheets\002-robotic-joint-replacement.md,research\hub_outlines\002-robotic-joint-replacement.md,"https://patients.stryker.co.uk/knee-replacement/procedures/mako-robotic-arm-assisted-total-knee
https://www.spirehealthcare.com/spire-bushey-hospital/treatments/robotic-knee-replacement/
https://www.circlehealthgroup.co.uk/treatments/velys-robotic-assisted-knee-surgery",not_started,not_started,,,,,
8,2,Robotic joint replacement,robotic-joint-replacement,supporting_article,Robotic joint replacement: benefits,robotic-joint-replacement-benefits,benefits,benefits,"robotic knee replacement (3600), robotic knee replacement surgery (2400), robotic knee surgery (1900), robotic assisted knee replacement surgery (1000), robotic total knee replacement (390)",Commercial + informational,supporting article,research\hub_briefs\002-robotic-joint-replacement.md,research\hub_competitor_sheets\002-robotic-joint-replacement.md,research\hub_outlines\002-robotic-joint-replacement.md,"https://patients.stryker.co.uk/knee-replacement/procedures/mako-robotic-arm-assisted-total-knee
https://www.spirehealthcare.com/spire-bushey-hospital/treatments/robotic-knee-replacement/
https://www.circlehealthgroup.co.uk/treatments/velys-robotic-assisted-knee-surgery",not_started,not_started,,,,,
9,2,Robotic joint replacement,robotic-joint-replacement,supporting_article,Robotic joint replacement: systems,robotic-joint-replacement-systems,systems,systems,"robotic knee replacement (3600), robotic knee replacement surgery (2400), robotic knee surgery (1900), robotic assisted knee replacement surgery (1000), robotic total knee replacement (390)",Commercial + informational,supporting article,research\hub_briefs\002-robotic-joint-replacement.md,research\hub_competitor_sheets\002-robotic-joint-replacement.md,research\hub_outlines\002-robotic-joint-replacement.md,"https://patients.stryker.co.uk/knee-replacement/procedures/mako-robotic-arm-assisted-total-knee
https://www.spirehealthcare.com/spire-bushey-hospital/treatments/robotic-knee-replacement/
https://www.circlehealthgroup.co.uk/treatments/velys-robotic-assisted-knee-surgery",not_started,not_started,,,,,
10,2,Robotic joint replacement,robotic-joint-replacement,supporting_article,Robotic joint replacement: recovery,robotic-joint-replacement-recovery,recovery,recovery,"robotic knee replacement (3600), robotic knee replacement surgery (2400), robotic knee surgery (1900), robotic assisted knee replacement surgery (1000), robotic total knee replacement (390)",Commercial + informational,supporting article,research\hub_briefs\002-robotic-joint-replacement.md,research\hub_competitor_sheets\002-robotic-joint-replacement.md,research\hub_outlines\002-robotic-joint-replacement.md,"https://patients.stryker.co.uk/knee-replacement/procedures/mako-robotic-arm-assisted-total-knee
https://www.spirehealthcare.com/spire-bushey-hospital/treatments/robotic-knee-replacement/
https://www.circlehealthgroup.co.uk/treatments/velys-robotic-assisted-knee-surgery",not_started,not_started,,,,,
11,3,Fracture classifications,fracture-classifications,hub_page,Fracture classifications,fracture-classifications,gustilo anderson classification,,"gustilo anderson classification (1000), gustilo classification (720), weber classification (720), garden classification (480), gartland classification (390)",Reference/educational,Reference/pillar page,research\hub_briefs\003-fracture-classifications.md,research\hub_competitor_sheets\003-fracture-classifications.md,research\hub_outlines\003-fracture-classifications.md,https://www.orthobullets.com/trauma/1003/gustilo-classification,not_started,not_started,,,,,
12,3,Fracture classifications,fracture-classifications,supporting_article,Fracture classifications: Classification tables,fracture-classifications-classification-tables,classification tables,Classification tables,"gustilo anderson classification (1000), gustilo classification (720), weber classification (720), garden classification (480), gartland classification (390)",Reference/educational,supporting article,research\hub_briefs\003-fracture-classifications.md,research\hub_competitor_sheets\003-fracture-classifications.md,research\hub_outlines\003-fracture-classifications.md,https://www.orthobullets.com/trauma/1003/gustilo-classification,not_started,not_started,,,,,
13,3,Fracture classifications,fracture-classifications,supporting_article,Fracture classifications: imaging examples,fracture-classifications-imaging-examples,imaging examples,imaging examples,"gustilo anderson classification (1000), gustilo classification (720), weber classification (720), garden classification (480), gartland classification (390)",Reference/educational,supporting article,research\hub_briefs\003-fracture-classifications.md,research\hub_competitor_sheets\003-fracture-classifications.md,research\hub_outlines\003-fracture-classifications.md,https://www.orthobullets.com/trauma/1003/gustilo-classification,not_started,not_started,,,,,
14,3,Fracture classifications,fracture-classifications,supporting_article,Fracture classifications: treatment implications,fracture-classifications-treatment-implications,treatment implications,treatment implications,"gustilo anderson classification (1000), gustilo classification (720), weber classification (720), garden classification (480), gartland classification (390)",Reference/educational,supporting article,research\hub_briefs\003-fracture-classifications.md,research\hub_competitor_sheets\003-fracture-classifications.md,research\hub_outlines\003-fracture-classifications.md,https://www.orthobullets.com/trauma/1003/gustilo-classification,not_started,not_started,,,,,
15,4,Orthopedic trauma,orthopedic-trauma,hub_page,Orthopedic trauma,orthopedic-trauma,compartment syndrome surgery,,"compartment syndrome surgery (1600), tibial plateau fracture surgery (480), holstein lewis fracture (320), reduce fracture (320), reduction of a fracture (320)",Urgent care + procedural,Procedure hub,research\hub_briefs\004-orthopedic-trauma.md,research\hub_competitor_sheets\004-orthopedic-trauma.md,research\hub_outlines\004-orthopedic-trauma.md,"https://www.guysandstthomas.nhs.uk/health-information/fasciotomy-surgery-compartment-syndrome
https://www.nhs.uk/conditions/compartment-syndrome/",not_started,not_started,,,,,
16,4,Orthopedic trauma,orthopedic-trauma,supporting_article,Orthopedic trauma: Emergency indications,orthopedic-trauma-emergency-indications,emergency indications,Emergency indications,"compartment syndrome surgery (1600), tibial plateau fracture surgery (480), holstein lewis fracture (320), reduce fracture (320), reduction of a fracture (320)",Urgent care + procedural,supporting article,research\hub_briefs\004-orthopedic-trauma.md,research\hub_competitor_sheets\004-orthopedic-trauma.md,research\hub_outlines\004-orthopedic-trauma.md,"https://www.guysandstthomas.nhs.uk/health-information/fasciotomy-surgery-compartment-syndrome
https://www.nhs.uk/conditions/compartment-syndrome/",not_started,not_started,,,,,
17,4,Orthopedic trauma,orthopedic-trauma,supporting_article,Orthopedic trauma: fasciotomy timing,orthopedic-trauma-fasciotomy-timing,fasciotomy timing,fasciotomy timing,"compartment syndrome surgery (1600), tibial plateau fracture surgery (480), holstein lewis fracture (320), reduce fracture (320), reduction of a fracture (320)",Urgent care + procedural,supporting article,research\hub_briefs\004-orthopedic-trauma.md,research\hub_competitor_sheets\004-orthopedic-trauma.md,research\hub_outlines\004-orthopedic-trauma.md,"https://www.guysandstthomas.nhs.uk/health-information/fasciotomy-surgery-compartment-syndrome
https://www.nhs.uk/conditions/compartment-syndrome/",not_started,not_started,,,,,
18,4,Orthopedic trauma,orthopedic-trauma,supporting_article,Orthopedic trauma: fixation decision trees,orthopedic-trauma-fixation-decision-trees,fixation decision trees,fixation decision trees,"compartment syndrome surgery (1600), tibial plateau fracture surgery (480), holstein lewis fracture (320), reduce fracture (320), reduction of a fracture (320)",Urgent care + procedural,supporting article,research\hub_briefs\004-orthopedic-trauma.md,research\hub_competitor_sheets\004-orthopedic-trauma.md,research\hub_outlines\004-orthopedic-trauma.md,"https://www.guysandstthomas.nhs.uk/health-information/fasciotomy-surgery-compartment-syndrome
https://www.nhs.uk/conditions/compartment-syndrome/",not_started,not_started,,,,,
19,5,Knee injections and aspiration,knee-injections-and-aspiration,hub_page,Knee injections and aspiration,knee-injections-and-aspiration,knee aspiration,,"knee aspiration (1600), knee arthrocentesis (1000), knee joint tap (260), arthrocentesis aspiration (210), intra articular injection of knee (170)",Procedural/educational,Procedure page,research\hub_briefs\005-knee-injections-and-aspiration.md,research\hub_competitor_sheets\005-knee-injections-and-aspiration.md,research\hub_outlines\005-knee-injections-and-aspiration.md,"https://geekymedics.com/knee-joint-aspiration-and-injection-osce-guide/
https://www.msdmanuals.com/professional/musculoskeletal-and-connective-tissue-disorders/how-to-do-arthrocentesis/how-to-do-knee-arthrocentesis
https://my.clevelandclinic.org/health/treatments/14512-arthrocentesis-joint-aspiration",not_started,not_started,,,,,
20,5,Knee injections and aspiration,knee-injections-and-aspiration,supporting_article,Knee injections and aspiration: Arthrocentesis indications,knee-injections-and-aspiration-arthrocentesis-indications,arthrocentesis indications,Arthrocentesis indications,"knee aspiration (1600), knee arthrocentesis (1000), knee joint tap (260), arthrocentesis aspiration (210), intra articular injection of knee (170)",Procedural/educational,supporting article,research\hub_briefs\005-knee-injections-and-aspiration.md,research\hub_competitor_sheets\005-knee-injections-and-aspiration.md,research\hub_outlines\005-knee-injections-and-aspiration.md,"https://geekymedics.com/knee-joint-aspiration-and-injection-osce-guide/
https://www.msdmanuals.com/professional/musculoskeletal-and-connective-tissue-disorders/how-to-do-arthrocentesis/how-to-do-knee-arthrocentesis
https://my.clevelandclinic.org/health/treatments/14512-arthrocentesis-joint-aspiration",not_started,not_started,,,,,
21,5,Knee injections and aspiration,knee-injections-and-aspiration,supporting_article,Knee injections and aspiration: fluid analysis,knee-injections-and-aspiration-fluid-analysis,fluid analysis,fluid analysis,"knee aspiration (1600), knee arthrocentesis (1000), knee joint tap (260), arthrocentesis aspiration (210), intra articular injection of knee (170)",Procedural/educational,supporting article,research\hub_briefs\005-knee-injections-and-aspiration.md,research\hub_competitor_sheets\005-knee-injections-and-aspiration.md,research\hub_outlines\005-knee-injections-and-aspiration.md,"https://geekymedics.com/knee-joint-aspiration-and-injection-osce-guide/
https://www.msdmanuals.com/professional/musculoskeletal-and-connective-tissue-disorders/how-to-do-arthrocentesis/how-to-do-knee-arthrocentesis
https://my.clevelandclinic.org/health/treatments/14512-arthrocentesis-joint-aspiration",not_started,not_started,,,,,
22,5,Knee injections and aspiration,knee-injections-and-aspiration,supporting_article,Knee injections and aspiration: aspiration vs injection,knee-injections-and-aspiration-aspiration-vs-injection,aspiration vs injection,aspiration vs injection,"knee aspiration (1600), knee arthrocentesis (1000), knee joint tap (260), arthrocentesis aspiration (210), intra articular injection of knee (170)",Procedural/educational,supporting article,research\hub_briefs\005-knee-injections-and-aspiration.md,research\hub_competitor_sheets\005-knee-injections-and-aspiration.md,research\hub_outlines\005-knee-injections-and-aspiration.md,"https://geekymedics.com/knee-joint-aspiration-and-injection-osce-guide/
https://www.msdmanuals.com/professional/musculoskeletal-and-connective-tissue-disorders/how-to-do-arthrocentesis/how-to-do-knee-arthrocentesis
https://my.clevelandclinic.org/health/treatments/14512-arthrocentesis-joint-aspiration",not_started,not_started,,,,,
23,6,General orthopedic procedures,general-orthopedic-procedures,hub_page,General orthopedic procedures,general-orthopedic-procedures,knee joint aspiration,,"knee joint aspiration (1300), distal radial metaphysis (480), anatomical neck of femur (260), anterior approach (210), blood supply scaphoid (210)",Procedural/educational,Pillar page,research\hub_briefs\006-general-orthopedic-procedures.md,research\hub_competitor_sheets\006-general-orthopedic-procedures.md,research\hub_outlines\006-general-orthopedic-procedures.md,"https://geekymedics.com/knee-joint-aspiration-and-injection-osce-guide/
https://www.msdmanuals.com/professional/musculoskeletal-and-connective-tissue-disorders/how-to-do-arthrocentesis/how-to-do-knee-arthrocentesis
https://www.aafp.org/pubs/afp/issues/2002/1015/p1497.html",not_started,not_started,,,,,
24,6,General orthopedic procedures,general-orthopedic-procedures,supporting_article,General orthopedic procedures: Procedure basics,general-orthopedic-procedures-procedure-basics,procedure basics,Procedure basics,"knee joint aspiration (1300), distal radial metaphysis (480), anatomical neck of femur (260), anterior approach (210), blood supply scaphoid (210)",Procedural/educational,supporting article,research\hub_briefs\006-general-orthopedic-procedures.md,research\hub_competitor_sheets\006-general-orthopedic-procedures.md,research\hub_outlines\006-general-orthopedic-procedures.md,"https://geekymedics.com/knee-joint-aspiration-and-injection-osce-guide/
https://www.msdmanuals.com/professional/musculoskeletal-and-connective-tissue-disorders/how-to-do-arthrocentesis/how-to-do-knee-arthrocentesis
https://www.aafp.org/pubs/afp/issues/2002/1015/p1497.html",not_started,not_started,,,,,
25,6,General orthopedic procedures,general-orthopedic-procedures,supporting_article,General orthopedic procedures: anatomy refreshers,general-orthopedic-procedures-anatomy-refreshers,anatomy refreshers,anatomy refreshers,"knee joint aspiration (1300), distal radial metaphysis (480), anatomical neck of femur (260), anterior approach (210), blood supply scaphoid (210)",Procedural/educational,supporting article,research\hub_briefs\006-general-orthopedic-procedures.md,research\hub_competitor_sheets\006-general-orthopedic-procedures.md,research\hub_outlines\006-general-orthopedic-procedures.md,"https://geekymedics.com/knee-joint-aspiration-and-injection-osce-guide/
https://www.msdmanuals.com/professional/musculoskeletal-and-connective-tissue-disorders/how-to-do-arthrocentesis/how-to-do-knee-arthrocentesis
https://www.aafp.org/pubs/afp/issues/2002/1015/p1497.html",not_started,not_started,,,,,
26,6,General orthopedic procedures,general-orthopedic-procedures,supporting_article,General orthopedic procedures: indications/contraindications,general-orthopedic-procedures-indications-contraindications,indications/contraindications,indications/contraindications,"knee joint aspiration (1300), distal radial metaphysis (480), anatomical neck of femur (260), anterior approach (210), blood supply scaphoid (210)",Procedural/educational,supporting article,research\hub_briefs\006-general-orthopedic-procedures.md,research\hub_competitor_sheets\006-general-orthopedic-procedures.md,research\hub_outlines\006-general-orthopedic-procedures.md,"https://geekymedics.com/knee-joint-aspiration-and-injection-osce-guide/
https://www.msdmanuals.com/professional/musculoskeletal-and-connective-tissue-disorders/how-to-do-arthrocentesis/how-to-do-knee-arthrocentesis
https://www.aafp.org/pubs/afp/issues/2002/1015/p1497.html",not_started,not_started,,,,,
27,7,Access lines and vascular access,access-lines-and-vascular-access,hub_page,Access lines and vascular access,access-lines-and-vascular-access,intraosseous access,,"intraosseous access (2900), axillary arterial line (260), brachial arterial line (170), axillary artery arterial line (140), brachial artery arterial line (140)",Informational/procedural,Definitive guide + technique page,research\hub_briefs\007-access-lines-and-vascular-access.md,research\hub_competitor_sheets\007-access-lines-and-vascular-access.md,research\hub_outlines\007-access-lines-and-vascular-access.md,"https://geekymedics.com/intraosseous-access-osce-guide/
https://www.osmosis.org/answers/intraosseous-device",not_started,not_started,,,,,
28,7,Access lines and vascular access,access-lines-and-vascular-access,supporting_article,Access lines and vascular access: IO access indications,access-lines-and-vascular-access-io-access-indications,io access indications,IO access indications,"intraosseous access (2900), axillary arterial line (260), brachial arterial line (170), axillary artery arterial line (140), brachial artery arterial line (140)",Informational/procedural,supporting article,research\hub_briefs\007-access-lines-and-vascular-access.md,research\hub_competitor_sheets\007-access-lines-and-vascular-access.md,research\hub_outlines\007-access-lines-and-vascular-access.md,"https://geekymedics.com/intraosseous-access-osce-guide/
https://www.osmosis.org/answers/intraosseous-device",not_started,not_started,,,,,
29,7,Access lines and vascular access,access-lines-and-vascular-access,supporting_article,Access lines and vascular access: landmarks,access-lines-and-vascular-access-landmarks,landmarks,landmarks,"intraosseous access (2900), axillary arterial line (260), brachial arterial line (170), axillary artery arterial line (140), brachial artery arterial line (140)",Informational/procedural,supporting article,research\hub_briefs\007-access-lines-and-vascular-access.md,research\hub_competitor_sheets\007-access-lines-and-vascular-access.md,research\hub_outlines\007-access-lines-and-vascular-access.md,"https://geekymedics.com/intraosseous-access-osce-guide/
https://www.osmosis.org/answers/intraosseous-device",not_started,not_started,,,,,
30,7,Access lines and vascular access,access-lines-and-vascular-access,supporting_article,Access lines and vascular access: complications,access-lines-and-vascular-access-complications,complications,complications,"intraosseous access (2900), axillary arterial line (260), brachial arterial line (170), axillary artery arterial line (140), brachial artery arterial line (140)",Informational/procedural,supporting article,research\hub_briefs\007-access-lines-and-vascular-access.md,research\hub_competitor_sheets\007-access-lines-and-vascular-access.md,research\hub_outlines\007-access-lines-and-vascular-access.md,"https://geekymedics.com/intraosseous-access-osce-guide/
https://www.osmosis.org/answers/intraosseous-device",not_started,not_started,,,,,
31,7,Access lines and vascular access,access-lines-and-vascular-access,supporting_article,Access lines and vascular access: device comparison,access-lines-and-vascular-access-device-comparison,device comparison,device comparison,"intraosseous access (2900), axillary arterial line (260), brachial arterial line (170), axillary artery arterial line (140), brachial artery arterial line (140)",Informational/procedural,supporting article,research\hub_briefs\007-access-lines-and-vascular-access.md,research\hub_competitor_sheets\007-access-lines-and-vascular-access.md,research\hub_outlines\007-access-lines-and-vascular-access.md,"https://geekymedics.com/intraosseous-access-osce-guide/
https://www.osmosis.org/answers/intraosseous-device",not_started,not_started,,,,,
32,8,Orthopedic anatomy,orthopedic-anatomy,hub_page,Orthopedic anatomy,orthopedic-anatomy,plafond of tibia,,"plafond of tibia (480), scaphoid avn (390), scaphoid blood supply (390), avascular necrosis of scaphoid (320), avn of scaphoid (320)",Educational/reference,Educational guide,research\hub_briefs\008-orthopedic-anatomy.md,research\hub_competitor_sheets\008-orthopedic-anatomy.md,research\hub_outlines\008-orthopedic-anatomy.md,"https://www.orthobullets.com/trauma/1046/tibial-plafond-fractures
https://my.clevelandclinic.org/health/diseases/21831-pilon-fractures
https://teachmesurgery.com/orthopaedic/ankle-and-foot/tibial-pilon-fracture/",not_started,not_started,,,,,
33,8,Orthopedic anatomy,orthopedic-anatomy,supporting_article,Orthopedic anatomy: Blood supply,orthopedic-anatomy-blood-supply,blood supply,Blood supply,"plafond of tibia (480), scaphoid avn (390), scaphoid blood supply (390), avascular necrosis of scaphoid (320), avn of scaphoid (320)",Educational/reference,supporting article,research\hub_briefs\008-orthopedic-anatomy.md,research\hub_competitor_sheets\008-orthopedic-anatomy.md,research\hub_outlines\008-orthopedic-anatomy.md,"https://www.orthobullets.com/trauma/1046/tibial-plafond-fractures
https://my.clevelandclinic.org/health/diseases/21831-pilon-fractures
https://teachmesurgery.com/orthopaedic/ankle-and-foot/tibial-pilon-fracture/",not_started,not_started,,,,,
34,8,Orthopedic anatomy,orthopedic-anatomy,supporting_article,Orthopedic anatomy: fracture relevance,orthopedic-anatomy-fracture-relevance,fracture relevance,fracture relevance,"plafond of tibia (480), scaphoid avn (390), scaphoid blood supply (390), avascular necrosis of scaphoid (320), avn of scaphoid (320)",Educational/reference,supporting article,research\hub_briefs\008-orthopedic-anatomy.md,research\hub_competitor_sheets\008-orthopedic-anatomy.md,research\hub_outlines\008-orthopedic-anatomy.md,"https://www.orthobullets.com/trauma/1046/tibial-plafond-fractures
https://my.clevelandclinic.org/health/diseases/21831-pilon-fractures
https://teachmesurgery.com/orthopaedic/ankle-and-foot/tibial-pilon-fracture/",not_started,not_started,,,,,
35,8,Orthopedic anatomy,orthopedic-anatomy,supporting_article,Orthopedic anatomy: anatomy visuals,orthopedic-anatomy-anatomy-visuals,anatomy visuals,anatomy visuals,"plafond of tibia (480), scaphoid avn (390), scaphoid blood supply (390), avascular necrosis of scaphoid (320), avn of scaphoid (320)",Educational/reference,supporting article,research\hub_briefs\008-orthopedic-anatomy.md,research\hub_competitor_sheets\008-orthopedic-anatomy.md,research\hub_outlines\008-orthopedic-anatomy.md,"https://www.orthobullets.com/trauma/1046/tibial-plafond-fractures
https://my.clevelandclinic.org/health/diseases/21831-pilon-fractures
https://teachmesurgery.com/orthopaedic/ankle-and-foot/tibial-pilon-fracture/",not_started,not_started,,,,,
36,9,Sterility and surgical setup,sterility-and-surgical-setup,hub_page,Sterility and surgical setup,sterility-and-surgical-setup,surgical asepsis,,"surgical asepsis (2400), surgical asepsis techniques (110), aseptic and sterile technique (70), sterile field in operating room (70), sterile technique operating room (40)",Educational,Educational guide,research\hub_briefs\009-sterility-and-surgical-setup.md,research\hub_competitor_sheets\009-sterility-and-surgical-setup.md,research\hub_outlines\009-sterility-and-surgical-setup.md,"https://my.clevelandclinic.org/health/treatments/aseptic-technique
https://med.libretexts.org/Bookshelves/Nursing/Clinical_Procedures_for_Safer_Patient_Care_%28Doyle_and_McCutcheon%29/01%3A_Infection_Control/1.05%3A_Surgical_Asepsis_and_the_Principles_of_Sterile_Technique
https://www.afpp.org.uk/wp-content/uploads/Standards-Collection-Aseptic-Technique.pdf",not_started,not_started,,,,,
37,9,Sterility and surgical setup,sterility-and-surgical-setup,supporting_article,Sterility and surgical setup: Sterile field setup,sterility-and-surgical-setup-sterile-field-setup,sterile field setup,Sterile field setup,"surgical asepsis (2400), surgical asepsis techniques (110), aseptic and sterile technique (70), sterile field in operating room (70), sterile technique operating room (40)",Educational,supporting article,research\hub_briefs\009-sterility-and-surgical-setup.md,research\hub_competitor_sheets\009-sterility-and-surgical-setup.md,research\hub_outlines\009-sterility-and-surgical-setup.md,"https://my.clevelandclinic.org/health/treatments/aseptic-technique
https://med.libretexts.org/Bookshelves/Nursing/Clinical_Procedures_for_Safer_Patient_Care_%28Doyle_and_McCutcheon%29/01%3A_Infection_Control/1.05%3A_Surgical_Asepsis_and_the_Principles_of_Sterile_Technique
https://www.afpp.org.uk/wp-content/uploads/Standards-Collection-Aseptic-Technique.pdf",not_started,not_started,,,,,
38,9,Sterility and surgical setup,sterility-and-surgical-setup,supporting_article,Sterility and surgical setup: rules,sterility-and-surgical-setup-rules,rules,rules,"surgical asepsis (2400), surgical asepsis techniques (110), aseptic and sterile technique (70), sterile field in operating room (70), sterile technique operating room (40)",Educational,supporting article,research\hub_briefs\009-sterility-and-surgical-setup.md,research\hub_competitor_sheets\009-sterility-and-surgical-setup.md,research\hub_outlines\009-sterility-and-surgical-setup.md,"https://my.clevelandclinic.org/health/treatments/aseptic-technique
https://med.libretexts.org/Bookshelves/Nursing/Clinical_Procedures_for_Safer_Patient_Care_%28Doyle_and_McCutcheon%29/01%3A_Infection_Control/1.05%3A_Surgical_Asepsis_and_the_Principles_of_Sterile_Technique
https://www.afpp.org.uk/wp-content/uploads/Standards-Collection-Aseptic-Technique.pdf",not_started,not_started,,,,,
39,9,Sterility and surgical setup,sterility-and-surgical-setup,supporting_article,Sterility and surgical setup: breaches,sterility-and-surgical-setup-breaches,breaches,breaches,"surgical asepsis (2400), surgical asepsis techniques (110), aseptic and sterile technique (70), sterile field in operating room (70), sterile technique operating room (40)",Educational,supporting article,research\hub_briefs\009-sterility-and-surgical-setup.md,research\hub_competitor_sheets\009-sterility-and-surgical-setup.md,research\hub_outlines\009-sterility-and-surgical-setup.md,"https://my.clevelandclinic.org/health/treatments/aseptic-technique
https://med.libretexts.org/Bookshelves/Nursing/Clinical_Procedures_for_Safer_Patient_Care_%28Doyle_and_McCutcheon%29/01%3A_Infection_Control/1.05%3A_Surgical_Asepsis_and_the_Principles_of_Sterile_Technique
https://www.afpp.org.uk/wp-content/uploads/Standards-Collection-Aseptic-Technique.pdf",not_started,not_started,,,,,
40,9,Sterility and surgical setup,sterility-and-surgical-setup,supporting_article,Sterility and surgical setup: checklists,sterility-and-surgical-setup-checklists,checklists,checklists,"surgical asepsis (2400), surgical asepsis techniques (110), aseptic and sterile technique (70), sterile field in operating room (70), sterile technique operating room (40)",Educational,supporting article,research\hub_briefs\009-sterility-and-surgical-setup.md,research\hub_competitor_sheets\009-sterility-and-surgical-setup.md,research\hub_outlines\009-sterility-and-surgical-setup.md,"https://my.clevelandclinic.org/health/treatments/aseptic-technique
https://med.libretexts.org/Bookshelves/Nursing/Clinical_Procedures_for_Safer_Patient_Care_%28Doyle_and_McCutcheon%29/01%3A_Infection_Control/1.05%3A_Surgical_Asepsis_and_the_Principles_of_Sterile_Technique
https://www.afpp.org.uk/wp-content/uploads/Standards-Collection-Aseptic-Technique.pdf",not_started,not_started,,,,,
41,10,Orthopedic education content,orthopedic-education-content,hub_page,Orthopedic education content,orthopedic-education-content,orthopaedic procedures,,"orthopaedic procedures (1300), ortho notes (110), surgical model (90), orthopedic notes (70), common orthopedic surgeries (40)",Broad informational,Pillar page,research\hub_briefs\010-orthopedic-education-content.md,research\hub_competitor_sheets\010-orthopedic-education-content.md,research\hub_outlines\010-orthopedic-education-content.md,"https://www.boa.ac.uk/standards-guidance/guidance/nice-trauma-and-orthopaedic-guidelines.html
https://www.orthoracle.com/
https://orthotoc.com/common-orthopedic-surgeries/",not_started,not_started,,,,,
42,10,Orthopedic education content,orthopedic-education-content,supporting_article,Orthopedic education content: Common procedures,orthopedic-education-content-common-procedures,common procedures,Common procedures,"orthopaedic procedures (1300), ortho notes (110), surgical model (90), orthopedic notes (70), common orthopedic surgeries (40)",Broad informational,supporting article,research\hub_briefs\010-orthopedic-education-content.md,research\hub_competitor_sheets\010-orthopedic-education-content.md,research\hub_outlines\010-orthopedic-education-content.md,"https://www.boa.ac.uk/standards-guidance/guidance/nice-trauma-and-orthopaedic-guidelines.html
https://www.orthoracle.com/
https://orthotoc.com/common-orthopedic-surgeries/",not_started,not_started,,,,,
43,10,Orthopedic education content,orthopedic-education-content,supporting_article,Orthopedic education content: ortho notes,orthopedic-education-content-ortho-notes,ortho notes,ortho notes,"orthopaedic procedures (1300), ortho notes (110), surgical model (90), orthopedic notes (70), common orthopedic surgeries (40)",Broad informational,supporting article,research\hub_briefs\010-orthopedic-education-content.md,research\hub_competitor_sheets\010-orthopedic-education-content.md,research\hub_outlines\010-orthopedic-education-content.md,"https://www.boa.ac.uk/standards-guidance/guidance/nice-trauma-and-orthopaedic-guidelines.html
https://www.orthoracle.com/
https://orthotoc.com/common-orthopedic-surgeries/",not_started,not_started,,,,,
44,10,Orthopedic education content,orthopedic-education-content,supporting_article,Orthopedic education content: surgery atlas/overview,orthopedic-education-content-surgery-atlas-overview,surgery atlas/overview,surgery atlas/overview,"orthopaedic procedures (1300), ortho notes (110), surgical model (90), orthopedic notes (70), common orthopedic surgeries (40)",Broad informational,supporting article,research\hub_briefs\010-orthopedic-education-content.md,research\hub_competitor_sheets\010-orthopedic-education-content.md,research\hub_outlines\010-orthopedic-education-content.md,"https://www.boa.ac.uk/standards-guidance/guidance/nice-trauma-and-orthopaedic-guidelines.html
https://www.orthoracle.com/
https://orthotoc.com/common-orthopedic-surgeries/",not_started,not_started,,,,,
45,11,Injection and nerve block techniques,injection-and-nerve-block-techniques,hub_page,Injection and nerve block techniques,injection-and-nerve-block-techniques,digital nerve block,,"digital blocking (1000), subtalar injection (210), subtalar joint injection (110), toe block (110), ankle injection technique (30)",Procedural/educational,Procedure page,research\hub_briefs\011-injection-and-nerve-block-techniques.md,research\hub_competitor_sheets\011-injection-and-nerve-block-techniques.md,research\hub_outlines\011-injection-and-nerve-block-techniques.md,"https://www.msdmanuals.com/professional/injuries-poisoning/how-to-do-anesthesia-procedures/how-to-do-a-digital-nerve-block
https://aneskey.com/digital-nerve-block/
https://boneandspine.com/digital-nerve-block-techniques/",not_started,not_started,,,,,
46,11,Injection and nerve block techniques,injection-and-nerve-block-techniques,supporting_article,Injection and nerve block techniques: Landmarks,injection-and-nerve-block-techniques-landmarks,landmarks,Landmarks,"digital blocking (1000), subtalar injection (210), subtalar joint injection (110), toe block (110), ankle injection technique (30)",Procedural/educational,supporting article,research\hub_briefs\011-injection-and-nerve-block-techniques.md,research\hub_competitor_sheets\011-injection-and-nerve-block-techniques.md,research\hub_outlines\011-injection-and-nerve-block-techniques.md,"https://www.msdmanuals.com/professional/injuries-poisoning/how-to-do-anesthesia-procedures/how-to-do-a-digital-nerve-block
https://aneskey.com/digital-nerve-block/
https://boneandspine.com/digital-nerve-block-techniques/",not_started,not_started,,,,,
47,11,Injection and nerve block techniques,injection-and-nerve-block-techniques,supporting_article,Injection and nerve block techniques: dosing,injection-and-nerve-block-techniques-dosing,dosing,dosing,"digital blocking (1000), subtalar injection (210), subtalar joint injection (110), toe block (110), ankle injection technique (30)",Procedural/educational,supporting article,research\hub_briefs\011-injection-and-nerve-block-techniques.md,research\hub_competitor_sheets\011-injection-and-nerve-block-techniques.md,research\hub_outlines\011-injection-and-nerve-block-techniques.md,"https://www.msdmanuals.com/professional/injuries-poisoning/how-to-do-anesthesia-procedures/how-to-do-a-digital-nerve-block
https://aneskey.com/digital-nerve-block/
https://boneandspine.com/digital-nerve-block-techniques/",not_started,not_started,,,,,
48,11,Injection and nerve block techniques,injection-and-nerve-block-techniques,supporting_article,Injection and nerve block techniques: contraindications,injection-and-nerve-block-techniques-contraindications,contraindications,contraindications,"digital blocking (1000), subtalar injection (210), subtalar joint injection (110), toe block (110), ankle injection technique (30)",Procedural/educational,supporting article,research\hub_briefs\011-injection-and-nerve-block-techniques.md,research\hub_competitor_sheets\011-injection-and-nerve-block-techniques.md,research\hub_outlines\011-injection-and-nerve-block-techniques.md,"https://www.msdmanuals.com/professional/injuries-poisoning/how-to-do-anesthesia-procedures/how-to-do-a-digital-nerve-block
https://aneskey.com/digital-nerve-block/
https://boneandspine.com/digital-nerve-block-techniques/",not_started,not_started,,,,,
49,11,Injection and nerve block techniques,injection-and-nerve-block-techniques,supporting_article,Injection and nerve block techniques: ultrasound vs landmark,injection-and-nerve-block-techniques-ultrasound-vs-landmark,ultrasound vs landmark,ultrasound vs landmark,"digital blocking (1000), subtalar injection (210), subtalar joint injection (110), toe block (110), ankle injection technique (30)",Procedural/educational,supporting article,research\hub_briefs\011-injection-and-nerve-block-techniques.md,research\hub_competitor_sheets\011-injection-and-nerve-block-techniques.md,research\hub_outlines\011-injection-and-nerve-block-techniques.md,"https://www.msdmanuals.com/professional/injuries-poisoning/how-to-do-anesthesia-procedures/how-to-do-a-digital-nerve-block
https://aneskey.com/digital-nerve-block/
https://boneandspine.com/digital-nerve-block-techniques/",not_started,not_started,,,,,
50,12,Fracture fixation techniques,fracture-fixation-techniques,hub_page,Fracture fixation techniques,fracture-fixation-techniques,orif tibial plateau,,"orif tibial plateau (390), gamma nailing (320), open reduction internal fixation tibial plateau (260), open reduction internal fixation tibial plateau fractures (210), dynamic hip screw surgery (110)",Educational/procedural,Procedure page,research\hub_briefs\012-fracture-fixation-techniques.md,research\hub_competitor_sheets\012-fracture-fixation-techniques.md,research\hub_outlines\012-fracture-fixation-techniques.md,https://www.orthobullets.com/trauma/1044/tibial-plateau-fractures,not_started,not_started,,,,,
51,12,Fracture fixation techniques,fracture-fixation-techniques,supporting_article,Fracture fixation techniques: ORIF steps,fracture-fixation-techniques-orif-steps,orif steps,ORIF steps,"orif tibial plateau (390), gamma nailing (320), open reduction internal fixation tibial plateau (260), open reduction internal fixation tibial plateau fractures (210), dynamic hip screw surgery (110)",Educational/procedural,supporting article,research\hub_briefs\012-fracture-fixation-techniques.md,research\hub_competitor_sheets\012-fracture-fixation-techniques.md,research\hub_outlines\012-fracture-fixation-techniques.md,https://www.orthobullets.com/trauma/1044/tibial-plateau-fractures,not_started,not_started,,,,,
52,12,Fracture fixation techniques,fracture-fixation-techniques,supporting_article,Fracture fixation techniques: approach selection,fracture-fixation-techniques-approach-selection,approach selection,approach selection,"orif tibial plateau (390), gamma nailing (320), open reduction internal fixation tibial plateau (260), open reduction internal fixation tibial plateau fractures (210), dynamic hip screw surgery (110)",Educational/procedural,supporting article,research\hub_briefs\012-fracture-fixation-techniques.md,research\hub_competitor_sheets\012-fracture-fixation-techniques.md,research\hub_outlines\012-fracture-fixation-techniques.md,https://www.orthobullets.com/trauma/1044/tibial-plateau-fractures,not_started,not_started,,,,,
53,12,Fracture fixation techniques,fracture-fixation-techniques,supporting_article,Fracture fixation techniques: implants,fracture-fixation-techniques-implants,implants,implants,"orif tibial plateau (390), gamma nailing (320), open reduction internal fixation tibial plateau (260), open reduction internal fixation tibial plateau fractures (210), dynamic hip screw surgery (110)",Educational/procedural,supporting article,research\hub_briefs\012-fracture-fixation-techniques.md,research\hub_competitor_sheets\012-fracture-fixation-techniques.md,research\hub_outlines\012-fracture-fixation-techniques.md,https://www.orthobullets.com/trauma/1044/tibial-plateau-fractures,not_started,not_started,,,,,
54,12,Fracture fixation techniques,fracture-fixation-techniques,supporting_article,Fracture fixation techniques: rehab protocol,fracture-fixation-techniques-rehab-protocol,rehab protocol,rehab protocol,"orif tibial plateau (390), gamma nailing (320), open reduction internal fixation tibial plateau (260), open reduction internal fixation tibial plateau fractures (210), dynamic hip screw surgery (110)",Educational/procedural,supporting article,research\hub_briefs\012-fracture-fixation-techniques.md,research\hub_competitor_sheets\012-fracture-fixation-techniques.md,research\hub_outlines\012-fracture-fixation-techniques.md,https://www.orthobullets.com/trauma/1044/tibial-plateau-fractures,not_started,not_started,,,,,
55,13,Knee arthroplasty,knee-arthroplasty,hub_page,Knee arthroplasty,knee-arthroplasty,lateral knee replacement surgery,,"lateral knee replacement surgery (140), lateral approach knee replacement (110), attune surgical technique (90), attune tkr (90), lateral approach total knee replacement (90)",Low-volume niche / commercial,Procedure page,research\hub_briefs\013-knee-arthroplasty.md,research\hub_competitor_sheets\013-knee-arthroplasty.md,research\hub_outlines\013-knee-arthroplasty.md,"https://www.orlandoortho.com/why-lateral-approach-total-knee-replacement-might-be-a-better-choice-michelles-patient-story/
https://connect.mayoclinic.org/discussion/side-incision-tkr/
https://www.orlandoortho.com/get-back-in-the-game-with-lateral-approach-total-knee-replacement-surgery-toms-story/",not_started,not_started,,,,,
56,13,Knee arthroplasty,knee-arthroplasty,supporting_article,Knee arthroplasty: Lateral approach candidacy,knee-arthroplasty-lateral-approach-candidacy,lateral approach candidacy,Lateral approach candidacy,"lateral knee replacement surgery (140), lateral approach knee replacement (110), attune surgical technique (90), attune tkr (90), lateral approach total knee replacement (90)",Low-volume niche / commercial,supporting article,research\hub_briefs\013-knee-arthroplasty.md,research\hub_competitor_sheets\013-knee-arthroplasty.md,research\hub_outlines\013-knee-arthroplasty.md,"https://www.orlandoortho.com/why-lateral-approach-total-knee-replacement-might-be-a-better-choice-michelles-patient-story/
https://connect.mayoclinic.org/discussion/side-incision-tkr/
https://www.orlandoortho.com/get-back-in-the-game-with-lateral-approach-total-knee-replacement-surgery-toms-story/",not_started,not_started,,,,,
57,13,Knee arthroplasty,knee-arthroplasty,supporting_article,Knee arthroplasty: outcomes,knee-arthroplasty-outcomes,outcomes,outcomes,"lateral knee replacement surgery (140), lateral approach knee replacement (110), attune surgical technique (90), attune tkr (90), lateral approach total knee replacement (90)",Low-volume niche / commercial,supporting article,research\hub_briefs\013-knee-arthroplasty.md,research\hub_competitor_sheets\013-knee-arthroplasty.md,research\hub_outlines\013-knee-arthroplasty.md,"https://www.orlandoortho.com/why-lateral-approach-total-knee-replacement-might-be-a-better-choice-michelles-patient-story/
https://connect.mayoclinic.org/discussion/side-incision-tkr/
https://www.orlandoortho.com/get-back-in-the-game-with-lateral-approach-total-knee-replacement-surgery-toms-story/",not_started,not_started,,,,,
58,13,Knee arthroplasty,knee-arthroplasty,supporting_article,Knee arthroplasty: implant systems,knee-arthroplasty-implant-systems,implant systems,implant systems,"lateral knee replacement surgery (140), lateral approach knee replacement (110), attune surgical technique (90), attune tkr (90), lateral approach total knee replacement (90)",Low-volume niche / commercial,supporting article,research\hub_briefs\013-knee-arthroplasty.md,research\hub_competitor_sheets\013-knee-arthroplasty.md,research\hub_outlines\013-knee-arthroplasty.md,"https://www.orlandoortho.com/why-lateral-approach-total-knee-replacement-might-be-a-better-choice-michelles-patient-story/
https://connect.mayoclinic.org/discussion/side-incision-tkr/
https://www.orlandoortho.com/get-back-in-the-game-with-lateral-approach-total-knee-replacement-surgery-toms-story/",not_started,not_started,,,,,
59,14,Sports medicine and upper extremity,sports-medicine-and-upper-extremity,hub_page,Sports medicine and upper extremity,sports-medicine-and-upper-extremity,trigger finger surgery video,,"trigger finger surgery video (480), achilles tendon surgery video (50), trigger finger release technique (30), achilles tendon rupture repair technique (20), acl reconstruction step by step (20)",Video intent,Video + article hybrid,research\hub_briefs\014-sports-medicine-and-upper-extremity.md,research\hub_competitor_sheets\014-sports-medicine-and-upper-extremity.md,research\hub_outlines\014-sports-medicine-and-upper-extremity.md,"https://www.youtube.com/watch?v=JtqGbwJAAVU
https://csurgeries.com/video/open-surgical-release-of-stenosing-tenosynovitis-a-k-a-trigger-finger/
https://www.orthogate.org/videos/hand-and-wrist/2116-trigger-finger-release-real-time-surgical-video",not_started,not_started,,,,,
60,14,Sports medicine and upper extremity,sports-medicine-and-upper-extremity,supporting_article,Sports medicine and upper extremity: Surgical video,sports-medicine-and-upper-extremity-surgical-video,surgical video,Surgical video,"trigger finger surgery video (480), achilles tendon surgery video (50), trigger finger release technique (30), achilles tendon rupture repair technique (20), acl reconstruction step by step (20)",Video intent,supporting article,research\hub_briefs\014-sports-medicine-and-upper-extremity.md,research\hub_competitor_sheets\014-sports-medicine-and-upper-extremity.md,research\hub_outlines\014-sports-medicine-and-upper-extremity.md,"https://www.youtube.com/watch?v=JtqGbwJAAVU
https://csurgeries.com/video/open-surgical-release-of-stenosing-tenosynovitis-a-k-a-trigger-finger/
https://www.orthogate.org/videos/hand-and-wrist/2116-trigger-finger-release-real-time-surgical-video",not_started,not_started,,,,,
61,14,Sports medicine and upper extremity,sports-medicine-and-upper-extremity,supporting_article,Sports medicine and upper extremity: steps,sports-medicine-and-upper-extremity-steps,steps,steps,"trigger finger surgery video (480), achilles tendon surgery video (50), trigger finger release technique (30), achilles tendon rupture repair technique (20), acl reconstruction step by step (20)",Video intent,supporting article,research\hub_briefs\014-sports-medicine-and-upper-extremity.md,research\hub_competitor_sheets\014-sports-medicine-and-upper-extremity.md,research\hub_outlines\014-sports-medicine-and-upper-extremity.md,"https://www.youtube.com/watch?v=JtqGbwJAAVU
https://csurgeries.com/video/open-surgical-release-of-stenosing-tenosynovitis-a-k-a-trigger-finger/
https://www.orthogate.org/videos/hand-and-wrist/2116-trigger-finger-release-real-time-surgical-video",not_started,not_started,,,,,
62,14,Sports medicine and upper extremity,sports-medicine-and-upper-extremity,supporting_article,Sports medicine and upper extremity: pearls,sports-medicine-and-upper-extremity-pearls,pearls,pearls,"trigger finger surgery video (480), achilles tendon surgery video (50), trigger finger release technique (30), achilles tendon rupture repair technique (20), acl reconstruction step by step (20)",Video intent,supporting article,research\hub_briefs\014-sports-medicine-and-upper-extremity.md,research\hub_competitor_sheets\014-sports-medicine-and-upper-extremity.md,research\hub_outlines\014-sports-medicine-and-upper-extremity.md,"https://www.youtube.com/watch?v=JtqGbwJAAVU
https://csurgeries.com/video/open-surgical-release-of-stenosing-tenosynovitis-a-k-a-trigger-finger/
https://www.orthogate.org/videos/hand-and-wrist/2116-trigger-finger-release-real-time-surgical-video",not_started,not_started,,,,,
63,14,Sports medicine and upper extremity,sports-medicine-and-upper-extremity,supporting_article,Sports medicine and upper extremity: rehab,sports-medicine-and-upper-extremity-rehab,rehab,rehab,"trigger finger surgery video (480), achilles tendon surgery video (50), trigger finger release technique (30), achilles tendon rupture repair technique (20), acl reconstruction step by step (20)",Video intent,supporting article,research\hub_briefs\014-sports-medicine-and-upper-extremity.md,research\hub_competitor_sheets\014-sports-medicine-and-upper-extremity.md,research\hub_outlines\014-sports-medicine-and-upper-extremity.md,"https://www.youtube.com/watch?v=JtqGbwJAAVU
https://csurgeries.com/video/open-surgical-release-of-stenosing-tenosynovitis-a-k-a-trigger-finger/
https://www.orthogate.org/videos/hand-and-wrist/2116-trigger-finger-release-real-time-surgical-video",not_started,not_started,,,,,
64,15,Surgical positioning,surgical-positioning,hub_page,Surgical positioning,surgical-positioning,jackknife position surgery,,"jackknife position surgery (480), jackknife prone positioning (90), prone jackknife position during surgery (50)",Educational/procedural,Educational guide,research\hub_briefs\015-surgical-positioning.md,research\hub_competitor_sheets\015-surgical-positioning.md,research\hub_outlines\015-surgical-positioning.md,"https://www.osmosis.org/answers/jackknife-position
https://www.sciencedirect.com/topics/medicine-and-dentistry/jackknife-position",not_started,not_started,,,,,
65,15,Surgical positioning,surgical-positioning,supporting_article,Surgical positioning: Uses,surgical-positioning-uses,uses,Uses,"jackknife position surgery (480), jackknife prone positioning (90), prone jackknife position during surgery (50)",Educational/procedural,supporting article,research\hub_briefs\015-surgical-positioning.md,research\hub_competitor_sheets\015-surgical-positioning.md,research\hub_outlines\015-surgical-positioning.md,"https://www.osmosis.org/answers/jackknife-position
https://www.sciencedirect.com/topics/medicine-and-dentistry/jackknife-position",not_started,not_started,,,,,
66,15,Surgical positioning,surgical-positioning,supporting_article,Surgical positioning: pressure points,surgical-positioning-pressure-points,pressure points,pressure points,"jackknife position surgery (480), jackknife prone positioning (90), prone jackknife position during surgery (50)",Educational/procedural,supporting article,research\hub_briefs\015-surgical-positioning.md,research\hub_competitor_sheets\015-surgical-positioning.md,research\hub_outlines\015-surgical-positioning.md,"https://www.osmosis.org/answers/jackknife-position
https://www.sciencedirect.com/topics/medicine-and-dentistry/jackknife-position",not_started,not_started,,,,,
67,15,Surgical positioning,surgical-positioning,supporting_article,Surgical positioning: contraindications,surgical-positioning-contraindications,contraindications,contraindications,"jackknife position surgery (480), jackknife prone positioning (90), prone jackknife position during surgery (50)",Educational/procedural,supporting article,research\hub_briefs\015-surgical-positioning.md,research\hub_competitor_sheets\015-surgical-positioning.md,research\hub_outlines\015-surgical-positioning.md,"https://www.osmosis.org/answers/jackknife-position
https://www.sciencedirect.com/topics/medicine-and-dentistry/jackknife-position",not_started,not_started,,,,,
68,15,Surgical positioning,surgical-positioning,supporting_article,Surgical positioning: positioning checklist,surgical-positioning-positioning-checklist,positioning checklist,positioning checklist,"jackknife position surgery (480), jackknife prone positioning (90), prone jackknife position during surgery (50)",Educational/procedural,supporting article,research\hub_briefs\015-surgical-positioning.md,research\hub_competitor_sheets\015-surgical-positioning.md,research\hub_outlines\015-surgical-positioning.md,"https://www.osmosis.org/answers/jackknife-position
https://www.sciencedirect.com/topics/medicine-and-dentistry/jackknife-position",not_started,not_started,,,,,
69,16,Amputation techniques,amputation-techniques,hub_page,Amputation techniques,amputation-techniques,below knee amputation technique,,"below knee amputation technique (70), above knee amputation technique (40), bka surgical technique (20), transtibial amputation technique (20), aka amputation technique (10)",Procedural/technical,Technique guide,research\hub_briefs\016-amputation-techniques.md,research\hub_competitor_sheets\016-amputation-techniques.md,research\hub_outlines\016-amputation-techniques.md,"https://www.orthobullets.com/approaches/12311/below-knee-amputation
https://www.wheelessonline.com/joints/below-knee-amputation/",not_started,not_started,,,,,
70,16,Amputation techniques,amputation-techniques,supporting_article,Amputation techniques: Below-knee vs above-knee flap design,amputation-techniques-below-knee-vs-above-knee-flap-design,below-knee vs above-knee flap design,Below-knee vs above-knee flap design,"below knee amputation technique (70), above knee amputation technique (40), bka surgical technique (20), transtibial amputation technique (20), aka amputation technique (10)",Procedural/technical,supporting article,research\hub_briefs\016-amputation-techniques.md,research\hub_competitor_sheets\016-amputation-techniques.md,research\hub_outlines\016-amputation-techniques.md,"https://www.orthobullets.com/approaches/12311/below-knee-amputation
https://www.wheelessonline.com/joints/below-knee-amputation/",not_started,not_started,,,,,
71,16,Amputation techniques,amputation-techniques,supporting_article,Amputation techniques: level selection,amputation-techniques-level-selection,level selection,level selection,"below knee amputation technique (70), above knee amputation technique (40), bka surgical technique (20), transtibial amputation technique (20), aka amputation technique (10)",Procedural/technical,supporting article,research\hub_briefs\016-amputation-techniques.md,research\hub_competitor_sheets\016-amputation-techniques.md,research\hub_outlines\016-amputation-techniques.md,"https://www.orthobullets.com/approaches/12311/below-knee-amputation
https://www.wheelessonline.com/joints/below-knee-amputation/",not_started,not_started,,,,,
72,16,Amputation techniques,amputation-techniques,supporting_article,Amputation techniques: postoperative rehab,amputation-techniques-postoperative-rehab,postoperative rehab,postoperative rehab,"below knee amputation technique (70), above knee amputation technique (40), bka surgical technique (20), transtibial amputation technique (20), aka amputation technique (10)",Procedural/technical,supporting article,research\hub_briefs\016-amputation-techniques.md,research\hub_competitor_sheets\016-amputation-techniques.md,research\hub_outlines\016-amputation-techniques.md,"https://www.orthobullets.com/approaches/12311/below-knee-amputation
https://www.wheelessonline.com/joints/below-knee-amputation/",not_started,not_started,,,,,
73,17,Surgical approaches,surgical-approaches,hub_page,Surgical approaches,surgical-approaches,anterior surgical approach hip,,"anterior surgical approach hip (40), posterolateral ankle approach (40), medial malleolus approach (20), posterior humerus approach (20), ankle approaches (10)",Procedural/technical,Procedure page,research\hub_briefs\017-surgical-approaches.md,research\hub_competitor_sheets\017-surgical-approaches.md,research\hub_outlines\017-surgical-approaches.md,"https://www.orthobullets.com/approaches/12020/hip-anterior-approach-smith-petersen
https://www.hss.edu/health-library/conditions-and-treatments/anterior-hip-replacement
https://www.yalemedicine.org/conditions/total-hip-replacement-anterior-approach",not_started,not_started,,,,,
74,17,Surgical approaches,surgical-approaches,supporting_article,Surgical approaches: Approach anatomy,surgical-approaches-approach-anatomy,approach anatomy,Approach anatomy,"anterior surgical approach hip (40), posterolateral ankle approach (40), medial malleolus approach (20), posterior humerus approach (20), ankle approaches (10)",Procedural/technical,supporting article,research\hub_briefs\017-surgical-approaches.md,research\hub_competitor_sheets\017-surgical-approaches.md,research\hub_outlines\017-surgical-approaches.md,"https://www.orthobullets.com/approaches/12020/hip-anterior-approach-smith-petersen
https://www.hss.edu/health-library/conditions-and-treatments/anterior-hip-replacement
https://www.yalemedicine.org/conditions/total-hip-replacement-anterior-approach",not_started,not_started,,,,,
75,17,Surgical approaches,surgical-approaches,supporting_article,Surgical approaches: safe intervals,surgical-approaches-safe-intervals,safe intervals,safe intervals,"anterior surgical approach hip (40), posterolateral ankle approach (40), medial malleolus approach (20), posterior humerus approach (20), ankle approaches (10)",Procedural/technical,supporting article,research\hub_briefs\017-surgical-approaches.md,research\hub_competitor_sheets\017-surgical-approaches.md,research\hub_outlines\017-surgical-approaches.md,"https://www.orthobullets.com/approaches/12020/hip-anterior-approach-smith-petersen
https://www.hss.edu/health-library/conditions-and-treatments/anterior-hip-replacement
https://www.yalemedicine.org/conditions/total-hip-replacement-anterior-approach",not_started,not_started,,,,,
76,17,Surgical approaches,surgical-approaches,supporting_article,Surgical approaches: exposure pitfalls,surgical-approaches-exposure-pitfalls,exposure pitfalls,exposure pitfalls,"anterior surgical approach hip (40), posterolateral ankle approach (40), medial malleolus approach (20), posterior humerus approach (20), ankle approaches (10)",Procedural/technical,supporting article,research\hub_briefs\017-surgical-approaches.md,research\hub_competitor_sheets\017-surgical-approaches.md,research\hub_outlines\017-surgical-approaches.md,"https://www.orthobullets.com/approaches/12020/hip-anterior-approach-smith-petersen
https://www.hss.edu/health-library/conditions-and-treatments/anterior-hip-replacement
https://www.yalemedicine.org/conditions/total-hip-replacement-anterior-approach",not_started,not_started,,,,,
77,18,Spine surgery,spine-surgery,hub_page,Spine surgery,spine-surgery,minimally invasive microdiscectomy,,"minimally invasive microdiscectomy (90), microdiscectomy technique (0)",Informational/commercial,Procedure page,research\hub_briefs\018-spine-surgery.md,research\hub_competitor_sheets\018-spine-surgery.md,research\hub_outlines\018-spine-surgery.md,"https://www.hss.edu/health-library/conditions-and-treatments/microdiscectomy
https://www.hopkinsmedicine.org/health/treatment-tests-and-therapies/minimally-invasive-lumbar-discectomy
https://www.healthline.com/health/microdiscectomy",not_started,not_started,,,,,
78,18,Spine surgery,spine-surgery,supporting_article,Spine surgery: Microdiscectomy overview,spine-surgery-microdiscectomy-overview,microdiscectomy overview,Microdiscectomy overview,"minimally invasive microdiscectomy (90), microdiscectomy technique (0)",Informational/commercial,supporting article,research\hub_briefs\018-spine-surgery.md,research\hub_competitor_sheets\018-spine-surgery.md,research\hub_outlines\018-spine-surgery.md,"https://www.hss.edu/health-library/conditions-and-treatments/microdiscectomy
https://www.hopkinsmedicine.org/health/treatment-tests-and-therapies/minimally-invasive-lumbar-discectomy
https://www.healthline.com/health/microdiscectomy",not_started,not_started,,,,,
79,18,Spine surgery,spine-surgery,supporting_article,Spine surgery: candidacy,spine-surgery-candidacy,candidacy,candidacy,"minimally invasive microdiscectomy (90), microdiscectomy technique (0)",Informational/commercial,supporting article,research\hub_briefs\018-spine-surgery.md,research\hub_competitor_sheets\018-spine-surgery.md,research\hub_outlines\018-spine-surgery.md,"https://www.hss.edu/health-library/conditions-and-treatments/microdiscectomy
https://www.hopkinsmedicine.org/health/treatment-tests-and-therapies/minimally-invasive-lumbar-discectomy
https://www.healthline.com/health/microdiscectomy",not_started,not_started,,,,,
80,18,Spine surgery,spine-surgery,supporting_article,Spine surgery: recovery,spine-surgery-recovery,recovery,recovery,"minimally invasive microdiscectomy (90), microdiscectomy technique (0)",Informational/commercial,supporting article,research\hub_briefs\018-spine-surgery.md,research\hub_competitor_sheets\018-spine-surgery.md,research\hub_outlines\018-spine-surgery.md,"https://www.hss.edu/health-library/conditions-and-treatments/microdiscectomy
https://www.hopkinsmedicine.org/health/treatment-tests-and-therapies/minimally-invasive-lumbar-discectomy
https://www.healthline.com/health/microdiscectomy",not_started,not_started,,,,,
81,18,Spine surgery,spine-surgery,supporting_article,Spine surgery: minimally invasive benefits,spine-surgery-minimally-invasive-benefits,minimally invasive benefits,minimally invasive benefits,"minimally invasive microdiscectomy (90), microdiscectomy technique (0)",Informational/commercial,supporting article,research\hub_briefs\018-spine-surgery.md,research\hub_competitor_sheets\018-spine-surgery.md,research\hub_outlines\018-spine-surgery.md,"https://www.hss.edu/health-library/conditions-and-treatments/microdiscectomy
https://www.hopkinsmedicine.org/health/treatment-tests-and-therapies/minimally-invasive-lumbar-discectomy
https://www.healthline.com/health/microdiscectomy",not_started,not_started,,,,,
82,19,General/urologic procedures,general-urologic-procedures,hub_page,General/urologic procedures,general-urologic-procedures,suprapubic catheter placement technique,,"suprapubic catheter placement technique (20), orchiopexy surgical technique (10)",Procedural/clinical,Procedure page,research\hub_briefs\019-general-urologic-procedures.md,research\hub_competitor_sheets\019-general-urologic-procedures.md,research\hub_outlines\019-general-urologic-procedures.md,"https://www.urology-textbook.com/suprapubic-catheter.html
https://biologyinsights.com/how-to-insert-a-suprapubic-catheter/",not_started,not_started,,,,,
83,19,General/urologic procedures,general-urologic-procedures,supporting_article,General/urologic procedures: Indications,general-urologic-procedures-indications,indications,Indications,"suprapubic catheter placement technique (20), orchiopexy surgical technique (10)",Procedural/clinical,supporting article,research\hub_briefs\019-general-urologic-procedures.md,research\hub_competitor_sheets\019-general-urologic-procedures.md,research\hub_outlines\019-general-urologic-procedures.md,"https://www.urology-textbook.com/suprapubic-catheter.html
https://biologyinsights.com/how-to-insert-a-suprapubic-catheter/",not_started,not_started,,,,,
84,19,General/urologic procedures,general-urologic-procedures,supporting_article,General/urologic procedures: ultrasound guidance,general-urologic-procedures-ultrasound-guidance,ultrasound guidance,ultrasound guidance,"suprapubic catheter placement technique (20), orchiopexy surgical technique (10)",Procedural/clinical,supporting article,research\hub_briefs\019-general-urologic-procedures.md,research\hub_competitor_sheets\019-general-urologic-procedures.md,research\hub_outlines\019-general-urologic-procedures.md,"https://www.urology-textbook.com/suprapubic-catheter.html
https://biologyinsights.com/how-to-insert-a-suprapubic-catheter/",not_started,not_started,,,,,
85,19,General/urologic procedures,general-urologic-procedures,supporting_article,General/urologic procedures: complications,general-urologic-procedures-complications,complications,complications,"suprapubic catheter placement technique (20), orchiopexy surgical technique (10)",Procedural/clinical,supporting article,research\hub_briefs\019-general-urologic-procedures.md,research\hub_competitor_sheets\019-general-urologic-procedures.md,research\hub_outlines\019-general-urologic-procedures.md,"https://www.urology-textbook.com/suprapubic-catheter.html
https://biologyinsights.com/how-to-insert-a-suprapubic-catheter/",not_started,not_started,,,,,
86,19,General/urologic procedures,general-urologic-procedures,supporting_article,General/urologic procedures: aftercare,general-urologic-procedures-aftercare,aftercare,aftercare,"suprapubic catheter placement technique (20), orchiopexy surgical technique (10)",Procedural/clinical,supporting article,research\hub_briefs\019-general-urologic-procedures.md,research\hub_competitor_sheets\019-general-urologic-procedures.md,research\hub_outlines\019-general-urologic-procedures.md,"https://www.urology-textbook.com/suprapubic-catheter.html
https://biologyinsights.com/how-to-insert-a-suprapubic-catheter/",not_started,not_started,,,,,
87,20,Thoracic procedures,thoracic-procedures,hub_page,Thoracic procedures,thoracic-procedures,chest tube placement video,,chest tube placement video (20),Video/procedural,Video + article hybrid,research\hub_briefs\020-thoracic-procedures.md,research\hub_competitor_sheets\020-thoracic-procedures.md,research\hub_outlines\020-thoracic-procedures.md,"https://www.youtube.com/watch?v=IdmMR8JxmFo
https://csurgeries.com/video/surgical-insertion-of-a-chest-tube/
https://www.jove.com/v/10283/tube-thoracostomy-chest-tube-placement-procedure",not_started,not_started,,,,,
88,20,Thoracic procedures,thoracic-procedures,supporting_article,Thoracic procedures: Chest tube indications,thoracic-procedures-chest-tube-indications,chest tube indications,Chest tube indications,chest tube placement video (20),Video/procedural,supporting article,research\hub_briefs\020-thoracic-procedures.md,research\hub_competitor_sheets\020-thoracic-procedures.md,research\hub_outlines\020-thoracic-procedures.md,"https://www.youtube.com/watch?v=IdmMR8JxmFo
https://csurgeries.com/video/surgical-insertion-of-a-chest-tube/
https://www.jove.com/v/10283/tube-thoracostomy-chest-tube-placement-procedure",not_started,not_started,,,,,
89,20,Thoracic procedures,thoracic-procedures,supporting_article,Thoracic procedures: anatomy,thoracic-procedures-anatomy,anatomy,anatomy,chest tube placement video (20),Video/procedural,supporting article,research\hub_briefs\020-thoracic-procedures.md,research\hub_competitor_sheets\020-thoracic-procedures.md,research\hub_outlines\020-thoracic-procedures.md,"https://www.youtube.com/watch?v=IdmMR8JxmFo
https://csurgeries.com/video/surgical-insertion-of-a-chest-tube/
https://www.jove.com/v/10283/tube-thoracostomy-chest-tube-placement-procedure",not_started,not_started,,,,,
90,20,Thoracic procedures,thoracic-procedures,supporting_article,Thoracic procedures: steps,thoracic-procedures-steps,steps,steps,chest tube placement video (20),Video/procedural,supporting article,research\hub_briefs\020-thoracic-procedures.md,research\hub_competitor_sheets\020-thoracic-procedures.md,research\hub_outlines\020-thoracic-procedures.md,"https://www.youtube.com/watch?v=IdmMR8JxmFo
https://csurgeries.com/video/surgical-insertion-of-a-chest-tube/
https://www.jove.com/v/10283/tube-thoracostomy-chest-tube-placement-procedure",not_started,not_started,,,,,
91,20,Thoracic procedures,thoracic-procedures,supporting_article,Thoracic procedures: aftercare,thoracic-procedures-aftercare,aftercare,aftercare,chest tube placement video (20),Video/procedural,supporting article,research\hub_briefs\020-thoracic-procedures.md,research\hub_competitor_sheets\020-thoracic-procedures.md,research\hub_outlines\020-thoracic-procedures.md,"https://www.youtube.com/watch?v=IdmMR8JxmFo
https://csurgeries.com/video/surgical-insertion-of-a-chest-tube/
https://www.jove.com/v/10283/tube-thoracostomy-chest-tube-placement-procedure",not_started,not_started,,,,,
